"ttl","data__stations__lon","data__stations__lat","data__stations__rental_uris__ios","data__stations__rental_uris__android","data__stations___bcycle_station_type","data__stations__region_id","data__stations__address","data__stations__name","data__stations__station_id","version","last_updated"
"60","-118.25854","34.04850","https://www.bcycle.com/applink?system_id=bcycle_lametro&station_id=bcycle_lametro_3005&platform=iOS","https://www.bcycle.com/applink?system_id=bcycle_lametro&station_id=bcycle_lametro_3005&platform=android","Kiosk and Station","bcycle_lametro_region_1","Reinstalled 6/15","7th & Flower","bcycle_lametro_3005","1.1","1670927660"
"","-118.25667","34.04554","https://www.bcycle.com/applink?system_id=bcycle_lametro&station_id=bcycle_lametro_3006&platform=iOS","https://www.bcycle.com/applink?system_id=bcycle_lametro&station_id=bcycle_lametro_3006&platform=android","Kiosk and Station","bcycle_lametro_region_1","729 S Olive Street","Olive & 8th","bcycle_lametro_3006","",""
"","-118.25459","34.05048","https://www.bcycle.com/applink?system_id=bcycle_lametro&station_id=bcycle_lametro_3007&platform=iOS","https://www.bcycle.com/applink?system_id=bcycle_lametro&station_id=bcycle_lametro_3007&platform=android","Kiosk and Station","bcycle_lametro_region_1","557 S 5th Street","5th & Grand","bcycle_lametro_3007","",""
"","-118.26273","34.04661","https://www.bcycle.com/applink?system_id=bcycle_lametro&station_id=bcycle_lametro_3008&platform=iOS","https://www.bcycle.com/applink?system_id=bcycle_lametro&station_id=bcycle_lametro_3008&platform=android","Kiosk and Station","bcycle_lametro_region_1","865 S Figueroa Street","Figueroa & 9th","bcycle_lametro_3008","",""
"","-118.25487","34.03705","https://www.bcycle.com/applink?system_id=bcycle_lametro&station_id=bcycle_lametro_3010&platform=iOS","https://www.bcycle.com/applink?system_id=bcycle_lametro&station_id=bcycle_lametro_3010&platform=android","Kiosk and Station","bcycle_lametro_region_1","401 East 11th Street","11th & Maple","bcycle_lametro_3010","",""
"","-118.26798","34.04113","https://www.bcycle.com/applink?system_id=bcycle_lametro&station_id=bcycle_lametro_3011&platform=iOS","https://www.bcycle.com/applink?system_id=bcycle_lametro&station_id=bcycle_lametro_3011&platform=android","Kiosk and Station","bcycle_lametro_region_1","1259-1299 S Figueroa Street","Figueroa & Pico","bcycle_lametro_3011","",""
"","-118.23721","34.05661","https://www.bcycle.com/applink?system_id=bcycle_lametro&station_id=bcycle_lametro_3014&platform=iOS","https://www.bcycle.com/applink?system_id=bcycle_lametro&station_id=bcycle_lametro_3014&platform=android","Kiosk and Station","bcycle_lametro_region_1","834 N Alameda St","Union Station West Portal","bcycle_lametro_3014","",""
"","-118.24156","34.05290","https://www.bcycle.com/applink?system_id=bcycle_lametro&station_id=bcycle_lametro_3016&platform=iOS","https://www.bcycle.com/applink?system_id=bcycle_lametro&station_id=bcycle_lametro_3016&platform=android","Kiosk and Station","bcycle_lametro_region_1","201 N Los Angeles Street","Los Angeles & Temple","bcycle_lametro_3016","",""
"","-118.26014","34.04373","https://www.bcycle.com/applink?system_id=bcycle_lametro&station_id=bcycle_lametro_3018&platform=iOS","https://www.bcycle.com/applink?system_id=bcycle_lametro&station_id=bcycle_lametro_3018&platform=android","Kiosk and Station","bcycle_lametro_region_1","919 S Grand Ave.","Grand & Olympic","bcycle_lametro_3018","",""
"","-118.26086","34.03861","https://www.bcycle.com/applink?system_id=bcycle_lametro&station_id=bcycle_lametro_3019&platform=iOS","https://www.bcycle.com/applink?system_id=bcycle_lametro&station_id=bcycle_lametro_3019&platform=android","Kiosk and Station","bcycle_lametro_region_1","129 W 12th Street","12th & Hill","bcycle_lametro_3019","",""
"","-118.26709","34.03105","https://www.bcycle.com/applink?system_id=bcycle_lametro&station_id=bcycle_lametro_3020&platform=iOS","https://www.bcycle.com/applink?system_id=bcycle_lametro&station_id=bcycle_lametro_3020&platform=android","Kiosk and Station","bcycle_lametro_region_1","1950 S Hill Street","Hill & Washington","bcycle_lametro_3020","",""
"","-118.23309","34.04607","https://www.bcycle.com/applink?system_id=bcycle_lametro&station_id=bcycle_lametro_3022&platform=iOS","https://www.bcycle.com/applink?system_id=bcycle_lametro&station_id=bcycle_lametro_3022&platform=android","Kiosk and Station","bcycle_lametro_region_1","999 E Third Street","3rd & Santa Fe","bcycle_lametro_3022","",""
"","-118.24897","34.05772","https://www.bcycle.com/applink?system_id=bcycle_lametro&station_id=bcycle_lametro_3024&platform=iOS","https://www.bcycle.com/applink?system_id=bcycle_lametro&station_id=bcycle_lametro_3024&platform=android","Kiosk and Station","bcycle_lametro_region_1","111 N Hope St","Hope & 1st","bcycle_lametro_3024","",""
"","-118.26808","34.03286","https://www.bcycle.com/applink?system_id=bcycle_lametro&station_id=bcycle_lametro_3025&platform=iOS","https://www.bcycle.com/applink?system_id=bcycle_lametro&station_id=bcycle_lametro_3025&platform=android","Kiosk and Station","bcycle_lametro_region_1","1014 S Grand Ave","Grand & Washington","bcycle_lametro_3025","",""
"","-118.24588","34.06318","https://www.bcycle.com/applink?system_id=bcycle_lametro&station_id=bcycle_lametro_3026&platform=iOS","https://www.bcycle.com/applink?system_id=bcycle_lametro&station_id=bcycle_lametro_3026&platform=android","Kiosk and Station","bcycle_lametro_region_1","668 N Figueroa Street","Figueroa & Cesar Chavez","bcycle_lametro_3026","",""
"","-118.24716","34.04998","https://www.bcycle.com/applink?system_id=bcycle_lametro&station_id=bcycle_lametro_3027&platform=iOS","https://www.bcycle.com/applink?system_id=bcycle_lametro&station_id=bcycle_lametro_3027&platform=android","Kiosk and Station","bcycle_lametro_region_1","300 S Spring Street","Spring & 3rd","bcycle_lametro_3027","",""
"","-118.24609","34.05832","https://www.bcycle.com/applink?system_id=bcycle_lametro&station_id=bcycle_lametro_3028&platform=iOS","https://www.bcycle.com/applink?system_id=bcycle_lametro&station_id=bcycle_lametro_3028&platform=android","Kiosk and Station","bcycle_lametro_region_1","310 N Grand Ave","Grand & Temple","bcycle_lametro_3028","",""
"","-118.24353","34.05194","https://www.bcycle.com/applink?system_id=bcycle_lametro&station_id=bcycle_lametro_3030&platform=iOS","https://www.bcycle.com/applink?system_id=bcycle_lametro&station_id=bcycle_lametro_3030&platform=android","Kiosk and Station","bcycle_lametro_region_1","120 S Main Street","Main & 1st","bcycle_lametro_3030","",""
"","-118.25244","34.04470","https://www.bcycle.com/applink?system_id=bcycle_lametro&station_id=bcycle_lametro_3031&platform=iOS","https://www.bcycle.com/applink?system_id=bcycle_lametro&station_id=bcycle_lametro_3031&platform=android","Kiosk and Station","bcycle_lametro_region_1","7th & Spring St.","7th & Spring","bcycle_lametro_3031","",""
"","-118.25588","34.04989","https://www.bcycle.com/applink?system_id=bcycle_lametro&station_id=bcycle_lametro_3032&platform=iOS","https://www.bcycle.com/applink?system_id=bcycle_lametro&station_id=bcycle_lametro_3032&platform=android","Kiosk and Station","bcycle_lametro_region_1","557 S Hope Street","Hope & 6th","bcycle_lametro_3032","",""
"","-118.25580","34.04099","https://www.bcycle.com/applink?system_id=bcycle_lametro&station_id=bcycle_lametro_3033&platform=iOS","https://www.bcycle.com/applink?system_id=bcycle_lametro&station_id=bcycle_lametro_3033&platform=android","Kiosk and Station","bcycle_lametro_region_1","110 E 9th Street","Main & 9th","bcycle_lametro_3033","",""
"","-118.26338","34.04206","https://www.bcycle.com/applink?system_id=bcycle_lametro&station_id=bcycle_lametro_3034&platform=iOS","https://www.bcycle.com/applink?system_id=bcycle_lametro&station_id=bcycle_lametro_3034&platform=android","Kiosk and Station","bcycle_lametro_region_1","1113 S Hope St","Hope & 11th","bcycle_lametro_3034","",""
"","-118.26095","34.04840","https://www.bcycle.com/applink?system_id=bcycle_lametro&station_id=bcycle_lametro_3035&platform=iOS","https://www.bcycle.com/applink?system_id=bcycle_lametro&station_id=bcycle_lametro_3035&platform=android","Kiosk and Station","bcycle_lametro_region_1","Reinstalled 6/15","Figueroa & 8th","bcycle_lametro_3035","",""
"","-118.23253","34.03919","https://www.bcycle.com/applink?system_id=bcycle_lametro&station_id=bcycle_lametro_3036&platform=iOS","https://www.bcycle.com/applink?system_id=bcycle_lametro&station_id=bcycle_lametro_3036&platform=android","Kiosk and Station","bcycle_lametro_region_1","1301 Willow Street","Willow St & Mateo St","bcycle_lametro_3036","",""
"","-118.23128","34.03480","https://www.bcycle.com/applink?system_id=bcycle_lametro&station_id=bcycle_lametro_3037&platform=iOS","https://www.bcycle.com/applink?system_id=bcycle_lametro&station_id=bcycle_lametro_3037&platform=android","Kiosk and Station","bcycle_lametro_region_1","699 S Imperial St","Imperial & 7th","bcycle_lametro_3037","",""
"","-118.26636","34.05357","https://www.bcycle.com/applink?system_id=bcycle_lametro&station_id=bcycle_lametro_3040&platform=iOS","https://www.bcycle.com/applink?system_id=bcycle_lametro&station_id=bcycle_lametro_3040&platform=android","Kiosk and Station","bcycle_lametro_region_1","1234 Wilshire Blvd","Wilshire & Witmer","bcycle_lametro_3040","",""
"","-118.23881","34.04930","https://www.bcycle.com/applink?system_id=bcycle_lametro&station_id=bcycle_lametro_3042&platform=iOS","https://www.bcycle.com/applink?system_id=bcycle_lametro&station_id=bcycle_lametro_3042&platform=android","Kiosk and Station","bcycle_lametro_region_1","369 E First Street","1st & Central","bcycle_lametro_3042","",""
"","-118.25667","34.02851","https://www.bcycle.com/applink?system_id=bcycle_lametro&station_id=bcycle_lametro_3045&platform=iOS","https://www.bcycle.com/applink?system_id=bcycle_lametro&station_id=bcycle_lametro_3045&platform=android","Kiosk and Station","bcycle_lametro_region_1","1850 San Pedro St","18th & San Pedro","bcycle_lametro_3045","",""
"","-118.24749","34.05287","https://www.bcycle.com/applink?system_id=bcycle_lametro&station_id=bcycle_lametro_3046&platform=iOS","https://www.bcycle.com/applink?system_id=bcycle_lametro&station_id=bcycle_lametro_3046&platform=android","Kiosk and Station","bcycle_lametro_region_1","201 South Hill Street","2nd & Hill","bcycle_lametro_3046","",""
"","-118.26640","34.03998","https://www.bcycle.com/applink?system_id=bcycle_lametro&station_id=bcycle_lametro_3047&platform=iOS","https://www.bcycle.com/applink?system_id=bcycle_lametro&station_id=bcycle_lametro_3047&platform=android","Kiosk and Station","bcycle_lametro_region_1","515 W Pico Street","Pico & Flower","bcycle_lametro_3047","",""
"","-118.23535","34.04169","https://www.bcycle.com/applink?system_id=bcycle_lametro&station_id=bcycle_lametro_3048&platform=iOS","https://www.bcycle.com/applink?system_id=bcycle_lametro&station_id=bcycle_lametro_3048&platform=android","Kiosk and Station","bcycle_lametro_region_1","1210 East 5th Street","5th & Hewitt","bcycle_lametro_3048","",""
"","-118.25359","34.05697","https://www.bcycle.com/applink?system_id=bcycle_lametro&station_id=bcycle_lametro_3049&platform=iOS","https://www.bcycle.com/applink?system_id=bcycle_lametro&station_id=bcycle_lametro_3049&platform=android","Kiosk and Station","bcycle_lametro_region_1","945 W 2nd Street","2nd & Figueroa","bcycle_lametro_3049","",""
"","-118.26456","34.05110","https://www.bcycle.com/applink?system_id=bcycle_lametro&station_id=bcycle_lametro_3052&platform=iOS","https://www.bcycle.com/applink?system_id=bcycle_lametro&station_id=bcycle_lametro_3052&platform=android","Kiosk and Station","bcycle_lametro_region_1","1107 W 7th Street","7th & Bixel","bcycle_lametro_3052","",""
"","-118.23649","34.03922","https://www.bcycle.com/applink?system_id=bcycle_lametro&station_id=bcycle_lametro_3054&platform=iOS","https://www.bcycle.com/applink?system_id=bcycle_lametro&station_id=bcycle_lametro_3054&platform=android","Kiosk and Station","bcycle_lametro_region_1","1245 Factory Place","Factory Place & Alameda","bcycle_lametro_3054","",""
"","-118.26538","34.03746","https://www.bcycle.com/applink?system_id=bcycle_lametro&station_id=bcycle_lametro_3056&platform=iOS","https://www.bcycle.com/applink?system_id=bcycle_lametro&station_id=bcycle_lametro_3056&platform=android","Kiosk and Station","bcycle_lametro_region_1","1375 S Grand Ave","Grand & 14th","bcycle_lametro_3056","",""
"","-118.27081","34.03568","https://www.bcycle.com/applink?system_id=bcycle_lametro&station_id=bcycle_lametro_3057&platform=iOS","https://www.bcycle.com/applink?system_id=bcycle_lametro&station_id=bcycle_lametro_3057&platform=android","Kiosk and Station","bcycle_lametro_region_1","512 W 18th Street","18th & Figueroa","bcycle_lametro_3057","",""
"","-118.23317","34.03580","https://www.bcycle.com/applink?system_id=bcycle_lametro&station_id=bcycle_lametro_3058&platform=iOS","https://www.bcycle.com/applink?system_id=bcycle_lametro&station_id=bcycle_lametro_3058&platform=android","Kiosk and Station","bcycle_lametro_region_1","1855 Industrial Street","Industrial St & Mateo St","bcycle_lametro_3058","",""
"","-118.24317","34.04775","https://www.bcycle.com/applink?system_id=bcycle_lametro&station_id=bcycle_lametro_3062&platform=iOS","https://www.bcycle.com/applink?system_id=bcycle_lametro&station_id=bcycle_lametro_3062&platform=android","Kiosk and Station","bcycle_lametro_region_1","350 E Third Street","3rd & San Pedro","bcycle_lametro_3062","",""
"","-118.25374","34.04804","https://www.bcycle.com/applink?system_id=bcycle_lametro&station_id=bcycle_lametro_3063&platform=iOS","https://www.bcycle.com/applink?system_id=bcycle_lametro&station_id=bcycle_lametro_3063&platform=android","Kiosk and Station","bcycle_lametro_region_1","532 W Olive Street","Pershing Square","bcycle_lametro_3063","",""
"","-118.25759","34.04613","https://www.bcycle.com/applink?system_id=bcycle_lametro&station_id=bcycle_lametro_3064&platform=iOS","https://www.bcycle.com/applink?system_id=bcycle_lametro&station_id=bcycle_lametro_3064&platform=android","Kiosk and Station","bcycle_lametro_region_1","786 S Grand Ave","Grand & 8th","bcycle_lametro_3064","",""
"","-118.23833","34.06056","https://www.bcycle.com/applink?system_id=bcycle_lametro&station_id=bcycle_lametro_3065&platform=iOS","https://www.bcycle.com/applink?system_id=bcycle_lametro&station_id=bcycle_lametro_3065&platform=android","Kiosk and Station","bcycle_lametro_region_1","725 New High Street","New High & Ord","bcycle_lametro_3065","",""
"","-118.23616","34.06339","https://www.bcycle.com/applink?system_id=bcycle_lametro&station_id=bcycle_lametro_3066&platform=iOS","https://www.bcycle.com/applink?system_id=bcycle_lametro&station_id=bcycle_lametro_3066&platform=android","Kiosk and Station","bcycle_lametro_region_1","870 N Spring Street","Spring & College","bcycle_lametro_3066","",""
"","-118.25024","34.04518","https://www.bcycle.com/applink?system_id=bcycle_lametro&station_id=bcycle_lametro_3067&platform=iOS","https://www.bcycle.com/applink?system_id=bcycle_lametro&station_id=bcycle_lametro_3067&platform=android","Kiosk and Station","bcycle_lametro_region_1","640 S Spring Street","Main & 6th","bcycle_lametro_3067","",""
"","-118.25095","34.05320","https://www.bcycle.com/applink?system_id=bcycle_lametro&station_id=bcycle_lametro_3068&platform=iOS","https://www.bcycle.com/applink?system_id=bcycle_lametro&station_id=bcycle_lametro_3068&platform=android","Kiosk and Station","bcycle_lametro_region_1","250 S Grand Ave","Grand & 3rd","bcycle_lametro_3068","",""
"","-118.24825","34.05088","https://www.bcycle.com/applink?system_id=bcycle_lametro&station_id=bcycle_lametro_3069&platform=iOS","https://www.bcycle.com/applink?system_id=bcycle_lametro&station_id=bcycle_lametro_3069&platform=android","Kiosk and Station","bcycle_lametro_region_1","303 S Broadway Street","Broadway & 3rd","bcycle_lametro_3069","",""
"","-118.26117","34.04417","https://www.bcycle.com/applink?system_id=bcycle_lametro&station_id=bcycle_lametro_3074&platform=iOS","https://www.bcycle.com/applink?system_id=bcycle_lametro&station_id=bcycle_lametro_3074&platform=android","Kiosk and Station","bcycle_lametro_region_1","960 S Hope Street","Hope & Olympic","bcycle_lametro_3074","",""
"","-118.25619","34.04211","https://www.bcycle.com/applink?system_id=bcycle_lametro&station_id=bcycle_lametro_3075&platform=iOS","https://www.bcycle.com/applink?system_id=bcycle_lametro&station_id=bcycle_lametro_3075&platform=android","Kiosk and Station","bcycle_lametro_region_1","902 South Broadway","Broadway & 9th","bcycle_lametro_3075","",""
"","-118.25384","34.04060","https://www.bcycle.com/applink?system_id=bcycle_lametro&station_id=bcycle_lametro_3076&platform=iOS","https://www.bcycle.com/applink?system_id=bcycle_lametro&station_id=bcycle_lametro_3076&platform=android","Kiosk and Station","bcycle_lametro_region_1","201 East 9th Street","9th & Los Angeles","bcycle_lametro_3076","",""
"","-118.25004","34.03987","https://www.bcycle.com/applink?system_id=bcycle_lametro&station_id=bcycle_lametro_3077&platform=iOS","https://www.bcycle.com/applink?system_id=bcycle_lametro&station_id=bcycle_lametro_3077&platform=android","Kiosk and Station","bcycle_lametro_region_1","517 East 8th Street","8th & Wall","bcycle_lametro_3077","",""
"","-118.23894","34.06428","https://www.bcycle.com/applink?system_id=bcycle_lametro&station_id=bcycle_lametro_3078&platform=iOS","https://www.bcycle.com/applink?system_id=bcycle_lametro&station_id=bcycle_lametro_3078&platform=android","Kiosk and Station","bcycle_lametro_region_1","881 N Hill Street","Hill & College","bcycle_lametro_3078","",""
"","-118.23319","34.05014","https://www.bcycle.com/applink?system_id=bcycle_lametro&station_id=bcycle_lametro_3079&platform=iOS","https://www.bcycle.com/applink?system_id=bcycle_lametro&station_id=bcycle_lametro_3079&platform=android","Kiosk and Station","bcycle_lametro_region_1","720 E Temple St","Temple & Vignes","bcycle_lametro_3079","",""
"","-118.25018","34.03189","https://www.bcycle.com/applink?system_id=bcycle_lametro&station_id=bcycle_lametro_3081&platform=iOS","https://www.bcycle.com/applink?system_id=bcycle_lametro&station_id=bcycle_lametro_3081&platform=android","Kiosk and Station","bcycle_lametro_region_1","800 E 12th Street","Stanford & 12th","bcycle_lametro_3081","",""
"","-118.23741","34.04652","https://www.bcycle.com/applink?system_id=bcycle_lametro&station_id=bcycle_lametro_3082&platform=iOS","https://www.bcycle.com/applink?system_id=bcycle_lametro&station_id=bcycle_lametro_3082&platform=android","Kiosk and Station","bcycle_lametro_region_1","599 Traction Ave","Traction & Rose","bcycle_lametro_3082","",""
"","-118.46829","33.99116","https://www.bcycle.com/applink?system_id=bcycle_lametro&station_id=bcycle_lametro_4202&platform=iOS","https://www.bcycle.com/applink?system_id=bcycle_lametro&station_id=bcycle_lametro_4202&platform=android","Kiosk and Station","bcycle_lametro_region_2","1222 Abbot Kinney Blvd","Abbot Kinney & Cadiz","bcycle_lametro_4202","",""
"","-118.45163","33.98842","https://www.bcycle.com/applink?system_id=bcycle_lametro&station_id=bcycle_lametro_4204&platform=iOS","https://www.bcycle.com/applink?system_id=bcycle_lametro&station_id=bcycle_lametro_4204&platform=android","Kiosk and Station","bcycle_lametro_region_2","2901 W Washington Blvd","Washington & Abbot Kinney","bcycle_lametro_4204","",""
"","-118.45367","33.99377","https://www.bcycle.com/applink?system_id=bcycle_lametro&station_id=bcycle_lametro_4205&platform=iOS","https://www.bcycle.com/applink?system_id=bcycle_lametro&station_id=bcycle_lametro_4205&platform=android","Kiosk and Station","bcycle_lametro_region_2","923 Venice Blvd","Venice & Lincoln","bcycle_lametro_4205","",""
"","-118.46101","33.99834","https://www.bcycle.com/applink?system_id=bcycle_lametro&station_id=bcycle_lametro_4206&platform=iOS","https://www.bcycle.com/applink?system_id=bcycle_lametro&station_id=bcycle_lametro_4206&platform=android","Kiosk and Station","bcycle_lametro_region_2","1000 California Ave","California & Lincoln","bcycle_lametro_4206","",""
"","-118.46891","34.00088","https://www.bcycle.com/applink?system_id=bcycle_lametro&station_id=bcycle_lametro_4207&platform=iOS","https://www.bcycle.com/applink?system_id=bcycle_lametro&station_id=bcycle_lametro_4207&platform=android","Kiosk and Station","bcycle_lametro_region_2","715 Rose Ave","Rose & 7th","bcycle_lametro_4207","",""
"","-118.47298","33.99868","https://www.bcycle.com/applink?system_id=bcycle_lametro&station_id=bcycle_lametro_4208&platform=iOS","https://www.bcycle.com/applink?system_id=bcycle_lametro&station_id=bcycle_lametro_4208&platform=android","Kiosk and Station","bcycle_lametro_region_2","529 Rose Ave","Rose & Rennie","bcycle_lametro_4208","",""
"","-118.47745","33.99624","https://www.bcycle.com/applink?system_id=bcycle_lametro&station_id=bcycle_lametro_4209&platform=iOS","https://www.bcycle.com/applink?system_id=bcycle_lametro&station_id=bcycle_lametro_4209&platform=android","Kiosk and Station","bcycle_lametro_region_2","200 Rose Ave","Rose & Main","bcycle_lametro_4209","",""
"","-118.47155","33.98434","https://www.bcycle.com/applink?system_id=bcycle_lametro&station_id=bcycle_lametro_4210&platform=iOS","https://www.bcycle.com/applink?system_id=bcycle_lametro&station_id=bcycle_lametro_4210&platform=android","Kiosk and Station","bcycle_lametro_region_2","2100 Ocean Front Walk","Ocean Front Walk & North Venice","bcycle_lametro_4210","",""
"","-118.46996","33.98493","https://www.bcycle.com/applink?system_id=bcycle_lametro&station_id=bcycle_lametro_4211&platform=iOS","https://www.bcycle.com/applink?system_id=bcycle_lametro&station_id=bcycle_lametro_4211&platform=android","Kiosk and Station","bcycle_lametro_region_2","2100 Pacific Ave","Pacific & North Venice","bcycle_lametro_4211","",""
"","-118.47174","33.98813","https://www.bcycle.com/applink?system_id=bcycle_lametro&station_id=bcycle_lametro_4212&platform=iOS","https://www.bcycle.com/applink?system_id=bcycle_lametro&station_id=bcycle_lametro_4212&platform=android","Kiosk and Station","bcycle_lametro_region_2","140 Windward Ave","Windward & Main","bcycle_lametro_4212","",""
"","-118.46480","33.99537","https://www.bcycle.com/applink?system_id=bcycle_lametro&station_id=bcycle_lametro_4213&platform=iOS","https://www.bcycle.com/applink?system_id=bcycle_lametro&station_id=bcycle_lametro_4213&platform=android","Kiosk and Station","bcycle_lametro_region_2","1150 7th Ave","7th & Westminster","bcycle_lametro_4213","",""
"","-118.48155","33.99556","https://www.bcycle.com/applink?system_id=bcycle_lametro&station_id=bcycle_lametro_4214&platform=iOS","https://www.bcycle.com/applink?system_id=bcycle_lametro&station_id=bcycle_lametro_4214&platform=android","Kiosk and Station","bcycle_lametro_region_2","Ocean Front Walk at Navy St","Ocean Front Walk & Navy","bcycle_lametro_4214","",""
"","-118.49134","34.01431","https://www.bcycle.com/applink?system_id=bcycle_lametro&station_id=bcycle_lametro_4215&platform=iOS","https://www.bcycle.com/applink?system_id=bcycle_lametro&station_id=bcycle_lametro_4215&platform=android","Kiosk and Station","bcycle_lametro_region_2","1621 4th St","Downtown Santa Monica E Line Station","bcycle_lametro_4215","",""
"","-118.47964","34.02339","https://www.bcycle.com/applink?system_id=bcycle_lametro&station_id=bcycle_lametro_4216&platform=iOS","https://www.bcycle.com/applink?system_id=bcycle_lametro&station_id=bcycle_lametro_4216&platform=android","Kiosk and Station","bcycle_lametro_region_2","1610 Colorado Ave","17th St / SMC E Line Station","bcycle_lametro_4216","",""
"","-118.25827","34.04031","https://www.bcycle.com/applink?system_id=bcycle_lametro&station_id=bcycle_lametro_4217&platform=iOS","https://www.bcycle.com/applink?system_id=bcycle_lametro&station_id=bcycle_lametro_4217&platform=android","Kiosk and Station","bcycle_lametro_region_1","1041 S Broadway","Broadway & 11th","bcycle_lametro_4217","",""
"","-118.25873","34.07483","https://www.bcycle.com/applink?system_id=bcycle_lametro&station_id=bcycle_lametro_4220&platform=iOS","https://www.bcycle.com/applink?system_id=bcycle_lametro&station_id=bcycle_lametro_4220&platform=android","Kiosk and Station","bcycle_lametro_region_1","1610 Park Ave","Park & Echo Park","bcycle_lametro_4220","",""
"","-118.27031","34.02980","https://www.bcycle.com/applink?system_id=bcycle_lametro&station_id=bcycle_lametro_4227&platform=iOS","https://www.bcycle.com/applink?system_id=bcycle_lametro&station_id=bcycle_lametro_4227&platform=android","Kiosk and Station","bcycle_lametro_region_1","2117 S Grand Ave","Grand / LATTC","bcycle_lametro_4227","",""
"","-118.28341","34.02404","https://www.bcycle.com/applink?system_id=bcycle_lametro&station_id=bcycle_lametro_4245&platform=iOS","https://www.bcycle.com/applink?system_id=bcycle_lametro&station_id=bcycle_lametro_4245&platform=android","Kiosk and Station","bcycle_lametro_region_1","3451 University Ave","University & Hoover","bcycle_lametro_4245","",""
"","-118.27917","34.02371","https://www.bcycle.com/applink?system_id=bcycle_lametro&station_id=bcycle_lametro_4246&platform=iOS","https://www.bcycle.com/applink?system_id=bcycle_lametro&station_id=bcycle_lametro_4246&platform=android","Kiosk and Station","bcycle_lametro_region_1","699 W 32nd Street","32nd & Figueroa","bcycle_lametro_4246","",""
"","-118.29131","34.03364","https://www.bcycle.com/applink?system_id=bcycle_lametro&station_id=bcycle_lametro_4247&platform=iOS","https://www.bcycle.com/applink?system_id=bcycle_lametro&station_id=bcycle_lametro_4247&platform=android","Kiosk and Station","bcycle_lametro_region_1","1369 W 25th Street","25th & Vermont","bcycle_lametro_4247","",""
"","-118.28867","34.02835","https://www.bcycle.com/applink?system_id=bcycle_lametro&station_id=bcycle_lametro_4248&platform=iOS","https://www.bcycle.com/applink?system_id=bcycle_lametro&station_id=bcycle_lametro_4248&platform=android","Kiosk and Station","bcycle_lametro_region_1","1276 W 29th St","29th & Ellendale","bcycle_lametro_4248","",""
"","-118.28118","34.02030","https://www.bcycle.com/applink?system_id=bcycle_lametro&station_id=bcycle_lametro_4249&platform=iOS","https://www.bcycle.com/applink?system_id=bcycle_lametro&station_id=bcycle_lametro_4249&platform=android","Kiosk and Station","bcycle_lametro_region_1","3499 S Figueroa St","Figueroa & McCarthy Way","bcycle_lametro_4249","",""
"","-118.28095","34.03017","https://www.bcycle.com/applink?system_id=bcycle_lametro&station_id=bcycle_lametro_4250&platform=iOS","https://www.bcycle.com/applink?system_id=bcycle_lametro&station_id=bcycle_lametro_4250&platform=android","Kiosk and Station","bcycle_lametro_region_1","804 W Adams Blvd","Severance & Adams","bcycle_lametro_4250","",""
"","-118.28411","34.02868","https://www.bcycle.com/applink?system_id=bcycle_lametro&station_id=bcycle_lametro_4254&platform=iOS","https://www.bcycle.com/applink?system_id=bcycle_lametro&station_id=bcycle_lametro_4254&platform=android","Kiosk and Station","bcycle_lametro_region_1","2817 Hoover St","Hoover & 29th","bcycle_lametro_4254","",""
"","-118.42286","33.97366","https://www.bcycle.com/applink?system_id=bcycle_lametro&station_id=bcycle_lametro_4255&platform=iOS","https://www.bcycle.com/applink?system_id=bcycle_lametro&station_id=bcycle_lametro_4255&platform=android","Kiosk and Station","bcycle_lametro_region_2","6020 Seabluff Dr","Seabluff & Runway","bcycle_lametro_4255","",""
"","-118.27769","34.02629","https://www.bcycle.com/applink?system_id=bcycle_lametro&station_id=bcycle_lametro_4266&platform=iOS","https://www.bcycle.com/applink?system_id=bcycle_lametro&station_id=bcycle_lametro_4266&platform=android","Kiosk and Station","bcycle_lametro_region_1","613 W 28th St","28th & Figueroa","bcycle_lametro_4266","",""
"","-118.28068","34.02762","https://www.bcycle.com/applink?system_id=bcycle_lametro&station_id=bcycle_lametro_4267&platform=iOS","https://www.bcycle.com/applink?system_id=bcycle_lametro&station_id=bcycle_lametro_4267&platform=android","Kiosk and Station","bcycle_lametro_region_1","737 W 28th St","28th & University","bcycle_lametro_4267","",""
"","-118.28410","34.02586","https://www.bcycle.com/applink?system_id=bcycle_lametro&station_id=bcycle_lametro_4273&platform=iOS","https://www.bcycle.com/applink?system_id=bcycle_lametro&station_id=bcycle_lametro_4273&platform=android","Kiosk and Station","bcycle_lametro_region_1","3175 South Hoover Street","Hoover & 32nd","bcycle_lametro_4273","",""
"","-118.28590","34.01252","https://www.bcycle.com/applink?system_id=bcycle_lametro&station_id=bcycle_lametro_4275&platform=iOS","https://www.bcycle.com/applink?system_id=bcycle_lametro&station_id=bcycle_lametro_4275&platform=android","Kiosk and Station","bcycle_lametro_region_1","Southwest Stadium Entrance","Expo Park/LAFC","bcycle_lametro_4275","",""
"","-118.27152","34.06228","https://www.bcycle.com/applink?system_id=bcycle_lametro&station_id=bcycle_lametro_4293&platform=iOS","https://www.bcycle.com/applink?system_id=bcycle_lametro&station_id=bcycle_lametro_4293&platform=android","Kiosk and Station","bcycle_lametro_region_1","300 S Westlake Ave","Westlake & 3rd","bcycle_lametro_4293","",""
"","-118.27430","34.04887","https://www.bcycle.com/applink?system_id=bcycle_lametro&station_id=bcycle_lametro_4300&platform=iOS","https://www.bcycle.com/applink?system_id=bcycle_lametro&station_id=bcycle_lametro_4300&platform=android","Kiosk and Station","bcycle_lametro_region_1","1552 W Olympic Blvd","Union & Olympic","bcycle_lametro_4300","",""
"","-118.29150","34.09905","https://www.bcycle.com/applink?system_id=bcycle_lametro&station_id=bcycle_lametro_4301&platform=iOS","https://www.bcycle.com/applink?system_id=bcycle_lametro&station_id=bcycle_lametro_4301&platform=android","Kiosk and Station","bcycle_lametro_region_1","4698-4680 Maubert Ave","Maubert & Vermont","bcycle_lametro_4301","",""
"","-118.29144","34.09249","https://www.bcycle.com/applink?system_id=bcycle_lametro&station_id=bcycle_lametro_4302&platform=iOS","https://www.bcycle.com/applink?system_id=bcycle_lametro&station_id=bcycle_lametro_4302&platform=android","Kiosk and Station","bcycle_lametro_region_1","1150 N Vermont Ave","Vermont Pl & Vermont ","bcycle_lametro_4302","",""
"","-118.28707","34.09801","https://www.bcycle.com/applink?system_id=bcycle_lametro&station_id=bcycle_lametro_4303&platform=iOS","https://www.bcycle.com/applink?system_id=bcycle_lametro&station_id=bcycle_lametro_4303&platform=android","Kiosk and Station","bcycle_lametro_region_1","4459 Sunset Blvd","Sunset & Virgil","bcycle_lametro_4303","",""
"","-118.29009","34.06258","https://www.bcycle.com/applink?system_id=bcycle_lametro&station_id=bcycle_lametro_4304&platform=iOS","https://www.bcycle.com/applink?system_id=bcycle_lametro&station_id=bcycle_lametro_4304&platform=android","Kiosk and Station","bcycle_lametro_region_1","629 Shatto Pl","Shatto Pl & Wilshire","bcycle_lametro_4304","",""
"","-118.29218","34.05765","https://www.bcycle.com/applink?system_id=bcycle_lametro&station_id=bcycle_lametro_4306&platform=iOS","https://www.bcycle.com/applink?system_id=bcycle_lametro&station_id=bcycle_lametro_4306&platform=android","Kiosk and Station","bcycle_lametro_region_1","3038 W 8th St","8th & Vermont","bcycle_lametro_4306","",""
"","-118.29466","34.05969","https://www.bcycle.com/applink?system_id=bcycle_lametro&station_id=bcycle_lametro_4311&platform=iOS","https://www.bcycle.com/applink?system_id=bcycle_lametro&station_id=bcycle_lametro_4311&platform=android","Kiosk and Station","bcycle_lametro_region_1","3192 W 7th St","7th & Berendo","bcycle_lametro_4311","",""
"","-118.27500","34.05681","https://www.bcycle.com/applink?system_id=bcycle_lametro&station_id=bcycle_lametro_4313&platform=iOS","https://www.bcycle.com/applink?system_id=bcycle_lametro&station_id=bcycle_lametro_4313&platform=android","Kiosk and Station","bcycle_lametro_region_1","662 S Westlake Ave","Westlake/MacArthur Park Station","bcycle_lametro_4313","",""
"","-118.27976","34.05771","https://www.bcycle.com/applink?system_id=bcycle_lametro&station_id=bcycle_lametro_4314&platform=iOS","https://www.bcycle.com/applink?system_id=bcycle_lametro&station_id=bcycle_lametro_4314&platform=android","Kiosk and Station","bcycle_lametro_region_1","2378 W 7th St","7th & Park View","bcycle_lametro_4314","",""
"","-118.27092","34.05403","https://www.bcycle.com/applink?system_id=bcycle_lametro&station_id=bcycle_lametro_4315&platform=iOS","https://www.bcycle.com/applink?system_id=bcycle_lametro&station_id=bcycle_lametro_4315&platform=android","Kiosk and Station","bcycle_lametro_region_1","694 South Union Avenue","Union & 7th","bcycle_lametro_4315","",""
"","-118.24184","34.03352","https://www.bcycle.com/applink?system_id=bcycle_lametro&station_id=bcycle_lametro_4387&platform=iOS","https://www.bcycle.com/applink?system_id=bcycle_lametro&station_id=bcycle_lametro_4387&platform=android","Kiosk and Station","bcycle_lametro_region_1","777 Alameda St","Row DTLA","bcycle_lametro_4387","",""
"","-118.29659","34.06927","https://www.bcycle.com/applink?system_id=bcycle_lametro&station_id=bcycle_lametro_4390&platform=iOS","https://www.bcycle.com/applink?system_id=bcycle_lametro&station_id=bcycle_lametro_4390&platform=android","Kiosk and Station","bcycle_lametro_region_1","S Kenmore Ave & W 3rd St","Kenmore & 3rd","bcycle_lametro_4390","",""
"","-118.29186","34.07561","https://www.bcycle.com/applink?system_id=bcycle_lametro&station_id=bcycle_lametro_4401&platform=iOS","https://www.bcycle.com/applink?system_id=bcycle_lametro&station_id=bcycle_lametro_4401&platform=android","Kiosk and Station","bcycle_lametro_region_1","Vermont & Beverly ","Vermont & Beverly","bcycle_lametro_4401","",""
"","-118.27103","34.04813","https://www.bcycle.com/applink?system_id=bcycle_lametro&station_id=bcycle_lametro_4404&platform=iOS","https://www.bcycle.com/applink?system_id=bcycle_lametro&station_id=bcycle_lametro_4404&platform=android","Kiosk and Station","bcycle_lametro_region_1","919 Albany St","Albany & Olympic","bcycle_lametro_4404","",""
"","-118.29368","34.05190","https://www.bcycle.com/applink?system_id=bcycle_lametro&station_id=bcycle_lametro_4405&platform=iOS","https://www.bcycle.com/applink?system_id=bcycle_lametro&station_id=bcycle_lametro_4405&platform=android","Kiosk and Station","bcycle_lametro_region_1","Berendo & Olympic road","Berendo & Olympic","bcycle_lametro_4405","",""
"","-118.30061","34.10189","https://www.bcycle.com/applink?system_id=bcycle_lametro&station_id=bcycle_lametro_4406&platform=iOS","https://www.bcycle.com/applink?system_id=bcycle_lametro&station_id=bcycle_lametro_4406&platform=android","Kiosk and Station","bcycle_lametro_region_1","1689 N Normandie Ave","Normandie & Hollywood","bcycle_lametro_4406","",""
"","-118.29680","34.06335","https://www.bcycle.com/applink?system_id=bcycle_lametro&station_id=bcycle_lametro_4410&platform=iOS","https://www.bcycle.com/applink?system_id=bcycle_lametro&station_id=bcycle_lametro_4410&platform=android","Kiosk and Station","bcycle_lametro_region_1","609 S Kenmore Ave","Kenmore & 6th","bcycle_lametro_4410","",""
"","-118.29194","34.10578","https://www.bcycle.com/applink?system_id=bcycle_lametro&station_id=bcycle_lametro_4436&platform=iOS","https://www.bcycle.com/applink?system_id=bcycle_lametro&station_id=bcycle_lametro_4436&platform=android","Kiosk and Station","bcycle_lametro_region_1","1900 N Vermont","Vermont & Franklin","bcycle_lametro_4436","",""
"","-118.28727","34.10536","https://www.bcycle.com/applink?system_id=bcycle_lametro&station_id=bcycle_lametro_4437&platform=iOS","https://www.bcycle.com/applink?system_id=bcycle_lametro&station_id=bcycle_lametro_4437&platform=android","Kiosk and Station","bcycle_lametro_region_1","4500 Franklin Ave","Franklin & Hillhurst","bcycle_lametro_4437","",""
"","-118.28456","34.09493","https://www.bcycle.com/applink?system_id=bcycle_lametro&station_id=bcycle_lametro_4438&platform=iOS","https://www.bcycle.com/applink?system_id=bcycle_lametro&station_id=bcycle_lametro_4438&platform=android","Kiosk and Station","bcycle_lametro_region_1","1254 N Hoover St","Hoover & Fountain","bcycle_lametro_4438","",""
"","-118.28625","34.09097","https://www.bcycle.com/applink?system_id=bcycle_lametro&station_id=bcycle_lametro_4439&platform=iOS","https://www.bcycle.com/applink?system_id=bcycle_lametro&station_id=bcycle_lametro_4439&platform=android","Kiosk and Station","bcycle_lametro_region_1","4477 Santa Monica Blvd","Santa Monica & Virgil","bcycle_lametro_4439","",""
"","-118.29824","34.06166","https://www.bcycle.com/applink?system_id=bcycle_lametro&station_id=bcycle_lametro_4440&platform=iOS","https://www.bcycle.com/applink?system_id=bcycle_lametro&station_id=bcycle_lametro_4440&platform=android","Kiosk and Station","bcycle_lametro_region_1","3420 Wilshire Blvd","Wilshire & Alexandria","bcycle_lametro_4440","",""
"","-118.28181","34.02662","https://www.bcycle.com/applink?system_id=bcycle_lametro&station_id=bcycle_lametro_4441&platform=iOS","https://www.bcycle.com/applink?system_id=bcycle_lametro&station_id=bcycle_lametro_4441&platform=android","Kiosk and Station","bcycle_lametro_region_1","University Ave","University & 30th","bcycle_lametro_4441","",""
"","-118.30047","34.09800","https://www.bcycle.com/applink?system_id=bcycle_lametro&station_id=bcycle_lametro_4442&platform=iOS","https://www.bcycle.com/applink?system_id=bcycle_lametro&station_id=bcycle_lametro_4442&platform=android","Kiosk and Station","bcycle_lametro_region_1","1498 N Normandie","Normandie & Sunset","bcycle_lametro_4442","",""
"","-118.27979","34.02209","https://www.bcycle.com/applink?system_id=bcycle_lametro&station_id=bcycle_lametro_4443&platform=iOS","https://www.bcycle.com/applink?system_id=bcycle_lametro&station_id=bcycle_lametro_4443&platform=android","Kiosk and Station","bcycle_lametro_region_1","3330 S Figueroa St","Figueroa & Jefferson","bcycle_lametro_4443","",""
"","-118.30557","34.06162","https://www.bcycle.com/applink?system_id=bcycle_lametro&station_id=bcycle_lametro_4444&platform=iOS","https://www.bcycle.com/applink?system_id=bcycle_lametro&station_id=bcycle_lametro_4444&platform=android","Kiosk and Station","bcycle_lametro_region_1","3670 Wilshire Blvd","Wilshire & Hobart","bcycle_lametro_4444","",""
"","-118.25157","34.07364","https://www.bcycle.com/applink?system_id=bcycle_lametro&station_id=bcycle_lametro_4445&platform=iOS","https://www.bcycle.com/applink?system_id=bcycle_lametro&station_id=bcycle_lametro_4445&platform=android","Kiosk and Station","bcycle_lametro_region_1","1389 S Sunset Blvd","Sunset & Douglas","bcycle_lametro_4445","",""
"","-118.27842","34.05323","https://www.bcycle.com/applink?system_id=bcycle_lametro&station_id=bcycle_lametro_4446&platform=iOS","https://www.bcycle.com/applink?system_id=bcycle_lametro&station_id=bcycle_lametro_4446&platform=android","Kiosk and Station","bcycle_lametro_region_1","2059 James M. Wood Blvd","James M. Wood & Alvarado","bcycle_lametro_4446","",""
"","-118.28199","34.06160","https://www.bcycle.com/applink?system_id=bcycle_lametro&station_id=bcycle_lametro_4447&platform=iOS","https://www.bcycle.com/applink?system_id=bcycle_lametro&station_id=bcycle_lametro_4447&platform=android","Kiosk and Station","bcycle_lametro_region_1","623 S Rampart Blvd","Rampart & Wilshire","bcycle_lametro_4447","",""
"","-118.27319","34.03027","https://www.bcycle.com/applink?system_id=bcycle_lametro&station_id=bcycle_lametro_4448&platform=iOS","https://www.bcycle.com/applink?system_id=bcycle_lametro&station_id=bcycle_lametro_4448&platform=android","Kiosk and Station","bcycle_lametro_region_1","509 W 23rd St","23rd St & Flower","bcycle_lametro_4448","",""
"","-118.27419","34.04557","https://www.bcycle.com/applink?system_id=bcycle_lametro&station_id=bcycle_lametro_4449&platform=iOS","https://www.bcycle.com/applink?system_id=bcycle_lametro&station_id=bcycle_lametro_4449&platform=android","Kiosk and Station","bcycle_lametro_region_1","1153 Valencia St","12th & Valencia","bcycle_lametro_4449","",""
"","-118.28716","34.06349","https://www.bcycle.com/applink?system_id=bcycle_lametro&station_id=bcycle_lametro_4450&platform=iOS","https://www.bcycle.com/applink?system_id=bcycle_lametro&station_id=bcycle_lametro_4450&platform=android","Kiosk and Station","bcycle_lametro_region_1","3000 W 6th St","Virgil & 6th","bcycle_lametro_4450","",""
"","-118.29131","34.10363","https://www.bcycle.com/applink?system_id=bcycle_lametro&station_id=bcycle_lametro_4451&platform=iOS","https://www.bcycle.com/applink?system_id=bcycle_lametro&station_id=bcycle_lametro_4451&platform=android","Kiosk and Station","bcycle_lametro_region_1","4647 Melbourne Ave","Melbourne & Vermont","bcycle_lametro_4451","",""
"","-118.28746","34.10233","https://www.bcycle.com/applink?system_id=bcycle_lametro&station_id=bcycle_lametro_4452&platform=iOS","https://www.bcycle.com/applink?system_id=bcycle_lametro&station_id=bcycle_lametro_4452&platform=android","Kiosk and Station","bcycle_lametro_region_1","1717 Hillhurst Ave","Hillhurst & Kingswell","bcycle_lametro_4452","",""
"","-118.28439","34.08265","https://www.bcycle.com/applink?system_id=bcycle_lametro&station_id=bcycle_lametro_4453&platform=iOS","https://www.bcycle.com/applink?system_id=bcycle_lametro&station_id=bcycle_lametro_4453&platform=android","Kiosk and Station","bcycle_lametro_region_1","701 Lucile Ave","Lucile & Hoover","bcycle_lametro_4453","",""
"","-118.29172","34.01790","https://www.bcycle.com/applink?system_id=bcycle_lametro&station_id=bcycle_lametro_4454&platform=iOS","https://www.bcycle.com/applink?system_id=bcycle_lametro&station_id=bcycle_lametro_4454&platform=android","Kiosk and Station","bcycle_lametro_region_1","3775 S Vermont Ave","Vermont & Exposition","bcycle_lametro_4454","",""
"","-118.27181","34.10936","https://www.bcycle.com/applink?system_id=bcycle_lametro&station_id=bcycle_lametro_4455&platform=iOS","https://www.bcycle.com/applink?system_id=bcycle_lametro&station_id=bcycle_lametro_4455&platform=android","Kiosk and Station","bcycle_lametro_region_1","2841 1/2 Hyperion Ave","Rowena & Hyperion","bcycle_lametro_4455","",""
"","-118.30202","34.05243","https://www.bcycle.com/applink?system_id=bcycle_lametro&station_id=bcycle_lametro_4456&platform=iOS","https://www.bcycle.com/applink?system_id=bcycle_lametro&station_id=bcycle_lametro_4456&platform=android","Kiosk and Station","bcycle_lametro_region_1","W Olympic Blvd & S Ardmore Ave","Ardmore & Olympic","bcycle_lametro_4456","",""
"","-118.28986","34.10011","https://www.bcycle.com/applink?system_id=bcycle_lametro&station_id=bcycle_lametro_4457&platform=iOS","https://www.bcycle.com/applink?system_id=bcycle_lametro&station_id=bcycle_lametro_4457&platform=android","Kiosk and Station","bcycle_lametro_region_1","Hollywood Blvd & Rodney Dr","Hollywood & Rodney","bcycle_lametro_4457","",""
"","-118.28093","34.09260","https://www.bcycle.com/applink?system_id=bcycle_lametro&station_id=bcycle_lametro_4472&platform=iOS","https://www.bcycle.com/applink?system_id=bcycle_lametro&station_id=bcycle_lametro_4472&platform=android","Kiosk and Station","bcycle_lametro_region_1","Sunset Blvd & Sanborn Ave","Santa Monica & Sunset","bcycle_lametro_4472","",""
"","-118.28229","34.07159","https://www.bcycle.com/applink?system_id=bcycle_lametro&station_id=bcycle_lametro_4473&platform=iOS","https://www.bcycle.com/applink?system_id=bcycle_lametro&station_id=bcycle_lametro_4473&platform=android","Kiosk and Station","bcycle_lametro_region_1","3040 Beverly Blvd","Vendome & Beverly","bcycle_lametro_4473","",""
"","-118.28716","34.11003","https://www.bcycle.com/applink?system_id=bcycle_lametro&station_id=bcycle_lametro_4474&platform=iOS","https://www.bcycle.com/applink?system_id=bcycle_lametro&station_id=bcycle_lametro_4474&platform=android","Kiosk and Station","bcycle_lametro_region_1","Ambrose Ave & Hillhurst Ave","Ambrose & Hillhurst","bcycle_lametro_4474","",""
"","-118.24325","34.04518","https://www.bcycle.com/applink?system_id=bcycle_lametro&station_id=bcycle_lametro_4475&platform=iOS","https://www.bcycle.com/applink?system_id=bcycle_lametro&station_id=bcycle_lametro_4475&platform=android","Kiosk and Station","bcycle_lametro_region_1","415 San Pedro St","San Pedro & Winston","bcycle_lametro_4475","",""
"","-118.27272","34.08252","https://www.bcycle.com/applink?system_id=bcycle_lametro&station_id=bcycle_lametro_4476&platform=iOS","https://www.bcycle.com/applink?system_id=bcycle_lametro&station_id=bcycle_lametro_4476&platform=android","Kiosk and Station","bcycle_lametro_region_1","2847 Sunset Blvd","Sunset & Silver Lake","bcycle_lametro_4476","",""
"","-118.32546","34.10385","https://www.bcycle.com/applink?system_id=bcycle_lametro&station_id=bcycle_lametro_4477&platform=iOS","https://www.bcycle.com/applink?system_id=bcycle_lametro&station_id=bcycle_lametro_4477&platform=android","Kiosk and Station","bcycle_lametro_region_9","6247 Yucca St","Yucca & Argyle","bcycle_lametro_4477","",""
"","-118.27370","34.10424","https://www.bcycle.com/applink?system_id=bcycle_lametro&station_id=bcycle_lametro_4478&platform=iOS","https://www.bcycle.com/applink?system_id=bcycle_lametro&station_id=bcycle_lametro_4478&platform=android","Kiosk and Station","bcycle_lametro_region_1","3706 Tracy St","Tracy & Hyperion","bcycle_lametro_4478","",""
"","-118.28874","34.03150","https://www.bcycle.com/applink?system_id=bcycle_lametro&station_id=bcycle_lametro_4479&platform=iOS","https://www.bcycle.com/applink?system_id=bcycle_lametro&station_id=bcycle_lametro_4479&platform=android","Kiosk and Station","bcycle_lametro_region_1","2617-2717 Ellendale Pl","Ellendale Pl & Adams","bcycle_lametro_4479","",""
"","-118.25059","34.05896","https://www.bcycle.com/applink?system_id=bcycle_lametro&station_id=bcycle_lametro_4480&platform=iOS","https://www.bcycle.com/applink?system_id=bcycle_lametro&station_id=bcycle_lametro_4480&platform=android","Kiosk and Station","bcycle_lametro_region_1","201 N Figueroa","Figueroa Plaza","bcycle_lametro_4480","",""
"","-118.33101","34.09437","https://www.bcycle.com/applink?system_id=bcycle_lametro&station_id=bcycle_lametro_4482&platform=iOS","https://www.bcycle.com/applink?system_id=bcycle_lametro&station_id=bcycle_lametro_4482&platform=android","Kiosk and Station","bcycle_lametro_region_9","1300-1310 Wilcox Ave","Wilcox & Fountain","bcycle_lametro_4482","",""
"","-118.25912","34.10070","https://www.bcycle.com/applink?system_id=bcycle_lametro&station_id=bcycle_lametro_4483&platform=iOS","https://www.bcycle.com/applink?system_id=bcycle_lametro&station_id=bcycle_lametro_4483&platform=android","Kiosk and Station","bcycle_lametro_region_1","2420 Glendale Blv","Glendale & Silver Lake","bcycle_lametro_4483","",""
"","-118.25860","34.06126","https://www.bcycle.com/applink?system_id=bcycle_lametro&station_id=bcycle_lametro_4486&platform=iOS","https://www.bcycle.com/applink?system_id=bcycle_lametro&station_id=bcycle_lametro_4486&platform=android","Kiosk and Station","bcycle_lametro_region_1","1303 W 1st St, Los Angeles","Vista Hermosa Park","bcycle_lametro_4486","",""
"","-118.44692","34.06211","https://www.bcycle.com/applink?system_id=bcycle_lametro&station_id=bcycle_lametro_4487&platform=iOS","https://www.bcycle.com/applink?system_id=bcycle_lametro&station_id=bcycle_lametro_4487&platform=android","Kiosk and Station","bcycle_lametro_region_2","1017 Broxton Ave","Broxton & Weyburn","bcycle_lametro_4487","",""
"","-118.25584","34.05355","https://www.bcycle.com/applink?system_id=bcycle_lametro&station_id=bcycle_lametro_4490&platform=iOS","https://www.bcycle.com/applink?system_id=bcycle_lametro&station_id=bcycle_lametro_4490&platform=android","Kiosk and Station","bcycle_lametro_region_1","S Figueroa St & W 4th St","Figueroa & 4th","bcycle_lametro_4490","",""
"","-118.24794","34.04744","https://www.bcycle.com/applink?system_id=bcycle_lametro&station_id=bcycle_lametro_4491&platform=iOS","https://www.bcycle.com/applink?system_id=bcycle_lametro&station_id=bcycle_lametro_4491&platform=android","Kiosk and Station","bcycle_lametro_region_1","429 S Main St","Main & Winston","bcycle_lametro_4491","",""
"","-118.42550","34.03687","https://www.bcycle.com/applink?system_id=bcycle_lametro&station_id=bcycle_lametro_4492&platform=iOS","https://www.bcycle.com/applink?system_id=bcycle_lametro&station_id=bcycle_lametro_4492&platform=android","Kiosk and Station","bcycle_lametro_region_2","Westwood Blvd & Exposition Blvd","Westwood/Rancho Park E Line Station","bcycle_lametro_4492","",""
"","-118.27719","34.09028","https://www.bcycle.com/applink?system_id=bcycle_lametro&station_id=bcycle_lametro_4493&platform=iOS","https://www.bcycle.com/applink?system_id=bcycle_lametro&station_id=bcycle_lametro_4493&platform=android","Kiosk and Station","bcycle_lametro_region_1","Sunset Blvd & Maltman Ave","Sunset Triangle Plaza","bcycle_lametro_4493","",""
"","-118.25601","34.07598","https://www.bcycle.com/applink?system_id=bcycle_lametro&station_id=bcycle_lametro_4494&platform=iOS","https://www.bcycle.com/applink?system_id=bcycle_lametro&station_id=bcycle_lametro_4494&platform=android","Kiosk and Station","bcycle_lametro_region_1","1524 Sunset Blvd","Laveta Terrace & Sunset","bcycle_lametro_4494","",""
"","-118.30917","34.10164","https://www.bcycle.com/applink?system_id=bcycle_lametro&station_id=bcycle_lametro_4509&platform=iOS","https://www.bcycle.com/applink?system_id=bcycle_lametro&station_id=bcycle_lametro_4509&platform=android","Kiosk and Station","bcycle_lametro_region_1","1661 Western Ave ","Western & Hollywood","bcycle_lametro_4509","",""
"","-118.26455","34.07735","https://www.bcycle.com/applink?system_id=bcycle_lametro&station_id=bcycle_lametro_4510&platform=iOS","https://www.bcycle.com/applink?system_id=bcycle_lametro&station_id=bcycle_lametro_4510&platform=android","Kiosk and Station","bcycle_lametro_region_1","2134 Sunset Blvd","Mohawk Bend","bcycle_lametro_4510","",""
"","-118.23177","34.05628","https://www.bcycle.com/applink?system_id=bcycle_lametro&station_id=bcycle_lametro_4511&platform=iOS","https://www.bcycle.com/applink?system_id=bcycle_lametro&station_id=bcycle_lametro_4511&platform=android","Kiosk and Station","bcycle_lametro_region_1","N Vignes St","Union Station East Portal","bcycle_lametro_4511","",""
"","-118.26497","34.04381","https://www.bcycle.com/applink?system_id=bcycle_lametro&station_id=bcycle_lametro_4512&platform=iOS","https://www.bcycle.com/applink?system_id=bcycle_lametro&station_id=bcycle_lametro_4512&platform=android","Kiosk and Station","bcycle_lametro_region_1","1060 S Figueroa St ","Figueroa & 11th","bcycle_lametro_4512","",""
"","-118.29602","34.08371","https://www.bcycle.com/applink?system_id=bcycle_lametro&station_id=bcycle_lametro_4513&platform=iOS","https://www.bcycle.com/applink?system_id=bcycle_lametro&station_id=bcycle_lametro_4513&platform=android","Kiosk and Station","bcycle_lametro_region_1","707 N Edgemont St","Edgemont & Melrose","bcycle_lametro_4513","",""
"","-118.45144","34.04655","https://www.bcycle.com/applink?system_id=bcycle_lametro&station_id=bcycle_lametro_4514&platform=iOS","https://www.bcycle.com/applink?system_id=bcycle_lametro&station_id=bcycle_lametro_4514&platform=android","Kiosk and Station","bcycle_lametro_region_2","1600 Purdue Ave","Purdue & Santa Monica","bcycle_lametro_4514","",""
"","-118.44227","34.03974","https://www.bcycle.com/applink?system_id=bcycle_lametro&station_id=bcycle_lametro_4515&platform=iOS","https://www.bcycle.com/applink?system_id=bcycle_lametro&station_id=bcycle_lametro_4515&platform=android","Kiosk and Station","bcycle_lametro_region_2","11298 Mississippi Ave","Mississippi & Sawtelle","bcycle_lametro_4515","",""
"","-118.25440","34.04585","https://www.bcycle.com/applink?system_id=bcycle_lametro&station_id=bcycle_lametro_4516&platform=iOS","https://www.bcycle.com/applink?system_id=bcycle_lametro&station_id=bcycle_lametro_4516&platform=android","Kiosk and Station","bcycle_lametro_region_1","700 S Hill St","7th & Hill","bcycle_lametro_4516","",""
"","-118.33885","34.10196","https://www.bcycle.com/applink?system_id=bcycle_lametro&station_id=bcycle_lametro_4517&platform=iOS","https://www.bcycle.com/applink?system_id=bcycle_lametro&station_id=bcycle_lametro_4517&platform=android","Kiosk and Station","bcycle_lametro_region_9","1721-1701 N Highland Ave","Highland & Hollywood","bcycle_lametro_4517","",""
"","-118.29975","34.05797","https://www.bcycle.com/applink?system_id=bcycle_lametro&station_id=bcycle_lametro_4518&platform=iOS","https://www.bcycle.com/applink?system_id=bcycle_lametro&station_id=bcycle_lametro_4518&platform=android","Kiosk and Station","bcycle_lametro_region_1","720 S Normandie Ave","Normandie & 8th","bcycle_lametro_4518","",""
"","-118.41205","33.99032","https://www.bcycle.com/applink?system_id=bcycle_lametro&station_id=bcycle_lametro_4521&platform=iOS","https://www.bcycle.com/applink?system_id=bcycle_lametro&station_id=bcycle_lametro_4521&platform=android","Kiosk and Station","bcycle_lametro_region_2","4955 Inglewood Blvd","Inglewood & Ballona","bcycle_lametro_4521","",""
"","-118.30928","34.06875","https://www.bcycle.com/applink?system_id=bcycle_lametro&station_id=bcycle_lametro_4523&platform=iOS","https://www.bcycle.com/applink?system_id=bcycle_lametro&station_id=bcycle_lametro_4523&platform=android","Kiosk and Station","bcycle_lametro_region_1","311 S Western Ave","Western & 3rd","bcycle_lametro_4523","",""
"","-118.30119","34.06163","https://www.bcycle.com/applink?system_id=bcycle_lametro&station_id=bcycle_lametro_4524&platform=iOS","https://www.bcycle.com/applink?system_id=bcycle_lametro&station_id=bcycle_lametro_4524&platform=android","Kiosk and Station","bcycle_lametro_region_1","Wilshire Normandie Plaza","Wilshire & Normandie","bcycle_lametro_4524","",""
"","-118.34180","34.10038","https://www.bcycle.com/applink?system_id=bcycle_lametro&station_id=bcycle_lametro_4525&platform=iOS","https://www.bcycle.com/applink?system_id=bcycle_lametro&station_id=bcycle_lametro_4525&platform=android","Kiosk and Station","bcycle_lametro_region_9","7000 Hawthorn Ave","Hawthorn & Orange","bcycle_lametro_4525","",""
"","-118.34919","34.10338","https://www.bcycle.com/applink?system_id=bcycle_lametro&station_id=bcycle_lametro_4526&platform=iOS","https://www.bcycle.com/applink?system_id=bcycle_lametro&station_id=bcycle_lametro_4526&platform=android","Kiosk and Station","bcycle_lametro_region_9","7333 Franklin Ave","Franklin & Fuller","bcycle_lametro_4526","",""
"","-118.33741","34.10200","https://www.bcycle.com/applink?system_id=bcycle_lametro&station_id=bcycle_lametro_4527&platform=iOS","https://www.bcycle.com/applink?system_id=bcycle_lametro&station_id=bcycle_lametro_4527&platform=android","Kiosk and Station","bcycle_lametro_region_9","1714 N McCadden Pl","McCadden & Hollywood","bcycle_lametro_4527","",""
"","-118.44437","34.06097","https://www.bcycle.com/applink?system_id=bcycle_lametro&station_id=bcycle_lametro_4528&platform=iOS","https://www.bcycle.com/applink?system_id=bcycle_lametro&station_id=bcycle_lametro_4528&platform=android","Kiosk and Station","bcycle_lametro_region_2","1080 Glendon Ave","Glendon & Kinross","bcycle_lametro_4528","",""
"","-118.33329","34.10186","https://www.bcycle.com/applink?system_id=bcycle_lametro&station_id=bcycle_lametro_4529&platform=iOS","https://www.bcycle.com/applink?system_id=bcycle_lametro&station_id=bcycle_lametro_4529&platform=android","Kiosk and Station","bcycle_lametro_region_9","6561 Hollywood Blvd","Whitley & Hollywood","bcycle_lametro_4529","",""
"","-118.32811","34.10186","https://www.bcycle.com/applink?system_id=bcycle_lametro&station_id=bcycle_lametro_4534&platform=iOS","https://www.bcycle.com/applink?system_id=bcycle_lametro&station_id=bcycle_lametro_4534&platform=android","Kiosk and Station","bcycle_lametro_region_9","6331 Hollywood Blvd","Ivar & Hollywood","bcycle_lametro_4534","",""
"","-118.46226","33.98908","https://www.bcycle.com/applink?system_id=bcycle_lametro&station_id=bcycle_lametro_4536&platform=iOS","https://www.bcycle.com/applink?system_id=bcycle_lametro&station_id=bcycle_lametro_4536&platform=android","Kiosk and Station","bcycle_lametro_region_2","600 Venice Boulevard","Venice & Abbot Kinney","bcycle_lametro_4536","",""
"","-118.33882","34.09823","https://www.bcycle.com/applink?system_id=bcycle_lametro&station_id=bcycle_lametro_4537&platform=iOS","https://www.bcycle.com/applink?system_id=bcycle_lametro&station_id=bcycle_lametro_4537&platform=android","Kiosk and Station","bcycle_lametro_region_9","1500 N Highland Ave","Highland & Sunset","bcycle_lametro_4537","",""
"","-118.30882","34.06543","https://www.bcycle.com/applink?system_id=bcycle_lametro&station_id=bcycle_lametro_4538&platform=iOS","https://www.bcycle.com/applink?system_id=bcycle_lametro&station_id=bcycle_lametro_4538&platform=android","Kiosk and Station","bcycle_lametro_region_1","450 S Western Ave ","5th & Western","bcycle_lametro_4538","",""
"","-118.33474","34.10176","https://www.bcycle.com/applink?system_id=bcycle_lametro&station_id=bcycle_lametro_4539&platform=iOS","https://www.bcycle.com/applink?system_id=bcycle_lametro&station_id=bcycle_lametro_4539&platform=android","Kiosk and Station","bcycle_lametro_region_9","1717 N Cherokee Ave","Cherokee & Hollywood","bcycle_lametro_4539","",""
"","-118.22541","34.04776","https://www.bcycle.com/applink?system_id=bcycle_lametro&station_id=bcycle_lametro_4540&platform=iOS","https://www.bcycle.com/applink?system_id=bcycle_lametro&station_id=bcycle_lametro_4540&platform=android","Kiosk and Station","bcycle_lametro_region_1","111 S Utah St","1st & Utah","bcycle_lametro_4540","",""
"","-118.45125","33.95718","https://www.bcycle.com/applink?system_id=bcycle_lametro&station_id=bcycle_lametro_4543&platform=iOS","https://www.bcycle.com/applink?system_id=bcycle_lametro&station_id=bcycle_lametro_4543&platform=android","Kiosk and Station","bcycle_lametro_region_2","6900 Pacific Ave","Toes Beach at Culver Blvd","bcycle_lametro_4543","",""
"","-118.43520","33.92846","https://www.bcycle.com/applink?system_id=bcycle_lametro&station_id=bcycle_lametro_4544&platform=iOS","https://www.bcycle.com/applink?system_id=bcycle_lametro&station_id=bcycle_lametro_4544&platform=android","Kiosk and Station","bcycle_lametro_region_2","Dockweiler Beach","Dockweiler Beach at Imperial Hwy","bcycle_lametro_4544","",""
"","-118.44828","33.95879","https://www.bcycle.com/applink?system_id=bcycle_lametro&station_id=bcycle_lametro_4545&platform=iOS","https://www.bcycle.com/applink?system_id=bcycle_lametro&station_id=bcycle_lametro_4545&platform=android","Kiosk and Station","bcycle_lametro_region_2","200 Culver Blvd","Vista Del Mar & Culver","bcycle_lametro_4545","",""
"","-118.45363","34.03140","https://www.bcycle.com/applink?system_id=bcycle_lametro&station_id=bcycle_lametro_4546&platform=iOS","https://www.bcycle.com/applink?system_id=bcycle_lametro&station_id=bcycle_lametro_4546&platform=android","Kiosk and Station","bcycle_lametro_region_2","12201 Exposition Blvd","Expo/Bundy E Line Station","bcycle_lametro_4546","",""
"","-118.44888","33.98970","https://www.bcycle.com/applink?system_id=bcycle_lametro&station_id=bcycle_lametro_4547&platform=iOS","https://www.bcycle.com/applink?system_id=bcycle_lametro&station_id=bcycle_lametro_4547&platform=android","Kiosk and Station","bcycle_lametro_region_2","3205 Washington Blvd","Stanford & Washington","bcycle_lametro_4547","",""
"","-118.39352","34.02683","https://www.bcycle.com/applink?system_id=bcycle_lametro&station_id=bcycle_lametro_4548&platform=iOS","https://www.bcycle.com/applink?system_id=bcycle_lametro&station_id=bcycle_lametro_4548&platform=android","Kiosk and Station","bcycle_lametro_region_2","8985 Venice Blvd","Durango & Venice","bcycle_lametro_4548","",""
"","-118.43833","34.02245","https://www.bcycle.com/applink?system_id=bcycle_lametro&station_id=bcycle_lametro_4549&platform=iOS","https://www.bcycle.com/applink?system_id=bcycle_lametro&station_id=bcycle_lametro_4549&platform=android","Kiosk and Station","bcycle_lametro_region_2","3010 S Barrington Ave","Barrington & National","bcycle_lametro_4549","",""
"","-118.42130","33.99097","https://www.bcycle.com/applink?system_id=bcycle_lametro&station_id=bcycle_lametro_4552&platform=iOS","https://www.bcycle.com/applink?system_id=bcycle_lametro&station_id=bcycle_lametro_4552&platform=android","Kiosk and Station","bcycle_lametro_region_2","12415 Culver Blvd","Culver & Centinela","bcycle_lametro_4552","",""
"","-118.44136","33.99958","https://www.bcycle.com/applink?system_id=bcycle_lametro&station_id=bcycle_lametro_4553&platform=iOS","https://www.bcycle.com/applink?system_id=bcycle_lametro&station_id=bcycle_lametro_4553&platform=android","Kiosk and Station","bcycle_lametro_region_2","12904 Venice Blvd","Venice & Beethoven","bcycle_lametro_4553","",""
"","-118.43438","34.00351","https://www.bcycle.com/applink?system_id=bcycle_lametro&station_id=bcycle_lametro_4554&platform=iOS","https://www.bcycle.com/applink?system_id=bcycle_lametro&station_id=bcycle_lametro_4554&platform=android","Kiosk and Station","bcycle_lametro_region_2","12413 Venice","Venice & Colonial","bcycle_lametro_4554","",""
"","-118.42916","34.00587","https://www.bcycle.com/applink?system_id=bcycle_lametro&station_id=bcycle_lametro_4555&platform=iOS","https://www.bcycle.com/applink?system_id=bcycle_lametro&station_id=bcycle_lametro_4555&platform=android","Kiosk and Station","bcycle_lametro_region_2","12006 Venice Blvd","Venice & Inglewood","bcycle_lametro_4555","",""
"","-118.42501","34.00902","https://www.bcycle.com/applink?system_id=bcycle_lametro&station_id=bcycle_lametro_4556&platform=iOS","https://www.bcycle.com/applink?system_id=bcycle_lametro&station_id=bcycle_lametro_4556&platform=android","Kiosk and Station","bcycle_lametro_region_2","3781 McLaughlin","McLaughlin & Venice","bcycle_lametro_4556","",""
"","-118.41944","34.01180","https://www.bcycle.com/applink?system_id=bcycle_lametro&station_id=bcycle_lametro_4557&platform=iOS","https://www.bcycle.com/applink?system_id=bcycle_lametro&station_id=bcycle_lametro_4557&platform=android","Kiosk and Station","bcycle_lametro_region_2","11289 Venice Blvd","Venice & Sawtelle","bcycle_lametro_4557","",""
"","-118.39530","34.02569","https://www.bcycle.com/applink?system_id=bcycle_lametro&station_id=bcycle_lametro_4558&platform=iOS","https://www.bcycle.com/applink?system_id=bcycle_lametro&station_id=bcycle_lametro_4558&platform=android","Kiosk and Station","bcycle_lametro_region_2","3775 Bagley Ave","Bagley & Venice","bcycle_lametro_4558","",""
"","-118.41650","34.02199","https://www.bcycle.com/applink?system_id=bcycle_lametro&station_id=bcycle_lametro_4559&platform=iOS","https://www.bcycle.com/applink?system_id=bcycle_lametro&station_id=bcycle_lametro_4559&platform=android","Kiosk and Station","bcycle_lametro_region_2","10875 Palms Blvd","Palms & Kelton","bcycle_lametro_4559","",""
"","-118.42060","34.01737","https://www.bcycle.com/applink?system_id=bcycle_lametro&station_id=bcycle_lametro_4560&platform=iOS","https://www.bcycle.com/applink?system_id=bcycle_lametro&station_id=bcycle_lametro_4560&platform=android","Kiosk and Station","bcycle_lametro_region_2","3585 S Sepulveda Blvd","Sepulveda & Charnock","bcycle_lametro_4560","",""
"","-118.42268","34.02006","https://www.bcycle.com/applink?system_id=bcycle_lametro&station_id=bcycle_lametro_4561&platform=iOS","https://www.bcycle.com/applink?system_id=bcycle_lametro&station_id=bcycle_lametro_4561&platform=android","Kiosk and Station","bcycle_lametro_region_2","3466 S Sepulveda Blvd","Sepulveda & Palms","bcycle_lametro_4561","",""
"","-118.42821","34.02697","https://www.bcycle.com/applink?system_id=bcycle_lametro&station_id=bcycle_lametro_4562&platform=iOS","https://www.bcycle.com/applink?system_id=bcycle_lametro&station_id=bcycle_lametro_4562&platform=android","Kiosk and Station","bcycle_lametro_region_2","Sepulveda & National","Sepulveda & National","bcycle_lametro_4562","",""
"","-118.40908","34.01768","https://www.bcycle.com/applink?system_id=bcycle_lametro&station_id=bcycle_lametro_4563&platform=iOS","https://www.bcycle.com/applink?system_id=bcycle_lametro&station_id=bcycle_lametro_4563&platform=android","Kiosk and Station","bcycle_lametro_region_2","10801 Venice Blvd","Venice & Glendon","bcycle_lametro_4563","",""
"","-118.43414","34.03535","https://www.bcycle.com/applink?system_id=bcycle_lametro&station_id=bcycle_lametro_4564&platform=iOS","https://www.bcycle.com/applink?system_id=bcycle_lametro&station_id=bcycle_lametro_4564&platform=android","Kiosk and Station","bcycle_lametro_region_2","11295 Exposition Blvd","Expo/Sepulveda E Line Station","bcycle_lametro_4564","",""
"","-118.43467","33.98995","https://www.bcycle.com/applink?system_id=bcycle_lametro&station_id=bcycle_lametro_4565&platform=iOS","https://www.bcycle.com/applink?system_id=bcycle_lametro&station_id=bcycle_lametro_4565&platform=android","Kiosk and Station","bcycle_lametro_region_2","4314-4300 Alla Rd","Alla & Maxella","bcycle_lametro_4565","",""
"","-118.39922","34.02339","https://www.bcycle.com/applink?system_id=bcycle_lametro&station_id=bcycle_lametro_4566&platform=iOS","https://www.bcycle.com/applink?system_id=bcycle_lametro&station_id=bcycle_lametro_4566&platform=android","Kiosk and Station","bcycle_lametro_region_2","9907 Venice Blvd","Venice & Hughes","bcycle_lametro_4566","",""
"","-118.40403","34.02018","https://www.bcycle.com/applink?system_id=bcycle_lametro&station_id=bcycle_lametro_4567&platform=iOS","https://www.bcycle.com/applink?system_id=bcycle_lametro&station_id=bcycle_lametro_4567&platform=android","Kiosk and Station","bcycle_lametro_region_2","10404 Venice Blvd","Venice & Motor","bcycle_lametro_4567","",""
"","-118.40317","34.02912","https://www.bcycle.com/applink?system_id=bcycle_lametro&station_id=bcycle_lametro_4568&platform=iOS","https://www.bcycle.com/applink?system_id=bcycle_lametro&station_id=bcycle_lametro_4568&platform=android","Kiosk and Station","bcycle_lametro_region_2","10001 Exposition Blvd","Palms E Line Station","bcycle_lametro_4568","",""
"","-118.40846","34.02655","https://www.bcycle.com/applink?system_id=bcycle_lametro&station_id=bcycle_lametro_4569&platform=iOS","https://www.bcycle.com/applink?system_id=bcycle_lametro&station_id=bcycle_lametro_4569&platform=android","Kiosk and Station","bcycle_lametro_region_2","10323 Palms Blvd","Palms & Motor","bcycle_lametro_4569","",""
"","-118.41780","34.01376","https://www.bcycle.com/applink?system_id=bcycle_lametro&station_id=bcycle_lametro_4570&platform=iOS","https://www.bcycle.com/applink?system_id=bcycle_lametro&station_id=bcycle_lametro_4570&platform=android","Kiosk and Station","bcycle_lametro_region_2","3732 S Sepulveda Blvd","Sepulveda & Venice","bcycle_lametro_4570","",""
"","-118.41356","34.02765","https://www.bcycle.com/applink?system_id=bcycle_lametro&station_id=bcycle_lametro_4571&platform=iOS","https://www.bcycle.com/applink?system_id=bcycle_lametro&station_id=bcycle_lametro_4571&platform=android","Kiosk and Station","bcycle_lametro_region_2","10618 Rose Ave","Rose & Overland","bcycle_lametro_4571","",""
"","-118.41047","34.02948","https://www.bcycle.com/applink?system_id=bcycle_lametro&station_id=bcycle_lametro_4572&platform=iOS","https://www.bcycle.com/applink?system_id=bcycle_lametro&station_id=bcycle_lametro_4572&platform=android","Kiosk and Station","bcycle_lametro_region_2","10377 National Blvd","National & Motor","bcycle_lametro_4572","",""
"","-118.42098","34.03047","https://www.bcycle.com/applink?system_id=bcycle_lametro&station_id=bcycle_lametro_4573&platform=iOS","https://www.bcycle.com/applink?system_id=bcycle_lametro&station_id=bcycle_lametro_4573&platform=android","Kiosk and Station","bcycle_lametro_region_2","3301 Westwood Blvd","Westwood & National","bcycle_lametro_4573","",""
"","-118.40253","34.00031","https://www.bcycle.com/applink?system_id=bcycle_lametro&station_id=bcycle_lametro_4575&platform=iOS","https://www.bcycle.com/applink?system_id=bcycle_lametro&station_id=bcycle_lametro_4575&platform=android","Kiosk and Station","bcycle_lametro_region_2","11220-11200 Lucerne Ave","Lucerne & Sepulveda","bcycle_lametro_4575","",""
"","-118.40551","34.02258","https://www.bcycle.com/applink?system_id=bcycle_lametro&station_id=bcycle_lametro_4576&platform=iOS","https://www.bcycle.com/applink?system_id=bcycle_lametro&station_id=bcycle_lametro_4576&platform=android","Kiosk and Station","bcycle_lametro_region_2","3704-3700 Motor Ave","Motor & Regent","bcycle_lametro_4576","",""
"","-118.41491","33.99302","https://www.bcycle.com/applink?system_id=bcycle_lametro&station_id=bcycle_lametro_4577&platform=iOS","https://www.bcycle.com/applink?system_id=bcycle_lametro&station_id=bcycle_lametro_4577&platform=android","Kiosk and Station","bcycle_lametro_region_2","4743 Inglewood Blvd","Inglewood & Braddock","bcycle_lametro_4577","",""
"","-118.25295","34.04298","https://www.bcycle.com/applink?system_id=bcycle_lametro&station_id=bcycle_lametro_4578&platform=iOS","https://www.bcycle.com/applink?system_id=bcycle_lametro&station_id=bcycle_lametro_4578&platform=android","Kiosk and Station","bcycle_lametro_region_1","755 S Main","Main & 8th","bcycle_lametro_4578","",""
"","-118.43113","33.98486","https://www.bcycle.com/applink?system_id=bcycle_lametro&station_id=bcycle_lametro_4579&platform=iOS","https://www.bcycle.com/applink?system_id=bcycle_lametro&station_id=bcycle_lametro_4579&platform=android","Kiosk and Station","bcycle_lametro_region_2","4666-4650 Alla Rd","Alla & Glencoe","bcycle_lametro_4579","",""
"","-118.41093","33.98292","https://www.bcycle.com/applink?system_id=bcycle_lametro&station_id=bcycle_lametro_4580&platform=iOS","https://www.bcycle.com/applink?system_id=bcycle_lametro&station_id=bcycle_lametro_4580&platform=android","Kiosk and Station","bcycle_lametro_region_2","Centinela & Lucile","Centinela & Lucile","bcycle_lametro_4580","",""
"","-118.42607","33.97024","https://www.bcycle.com/applink?system_id=bcycle_lametro&station_id=bcycle_lametro_4581&platform=iOS","https://www.bcycle.com/applink?system_id=bcycle_lametro&station_id=bcycle_lametro_4581&platform=android","Kiosk and Station","bcycle_lametro_region_2","Playa Vista Drive","Playa Vista Library","bcycle_lametro_4581","",""
"","-118.41488","33.98099","https://www.bcycle.com/applink?system_id=bcycle_lametro&station_id=bcycle_lametro_4582&platform=iOS","https://www.bcycle.com/applink?system_id=bcycle_lametro&station_id=bcycle_lametro_4582&platform=android","Kiosk and Station","bcycle_lametro_region_2","5504 Westlawn Ave","Westlawn & Beatrice","bcycle_lametro_4582","",""
"","-118.41842","33.97619","https://www.bcycle.com/applink?system_id=bcycle_lametro&station_id=bcycle_lametro_4583&platform=iOS","https://www.bcycle.com/applink?system_id=bcycle_lametro&station_id=bcycle_lametro_4583&platform=android","Kiosk and Station","bcycle_lametro_region_2","12855 Runway","McConnell & Runway","bcycle_lametro_4583","",""
"","-118.32636","34.09435","https://www.bcycle.com/applink?system_id=bcycle_lametro&station_id=bcycle_lametro_4584&platform=iOS","https://www.bcycle.com/applink?system_id=bcycle_lametro&station_id=bcycle_lametro_4584&platform=android","Kiosk and Station","bcycle_lametro_region_9","6265 Fountain Ave","Fountain & Vine","bcycle_lametro_4584","",""
"","-118.30907","34.06079","https://www.bcycle.com/applink?system_id=bcycle_lametro&station_id=bcycle_lametro_4587&platform=iOS","https://www.bcycle.com/applink?system_id=bcycle_lametro&station_id=bcycle_lametro_4587&platform=android","Kiosk and Station","bcycle_lametro_region_1","650 S Western Ave","Wiltern","bcycle_lametro_4587","",""
"","-118.38750","34.16835","https://www.bcycle.com/applink?system_id=bcycle_lametro&station_id=bcycle_lametro_4595&platform=iOS","https://www.bcycle.com/applink?system_id=bcycle_lametro&station_id=bcycle_lametro_4595&platform=android","Kiosk and Station","bcycle_lametro_region_1","11688 Chandler Blvd","Chandler & Colfax","bcycle_lametro_4595","",""
"","-118.39616","34.16833","https://www.bcycle.com/applink?system_id=bcycle_lametro&station_id=bcycle_lametro_4596&platform=iOS","https://www.bcycle.com/applink?system_id=bcycle_lametro&station_id=bcycle_lametro_4596&platform=android","Kiosk and Station","bcycle_lametro_region_1","5352 Laurel Canyon Blvd","Chandler & Laurel Canyon","bcycle_lametro_4596","",""
"","-118.35515","34.16522","https://www.bcycle.com/applink?system_id=bcycle_lametro&station_id=bcycle_lametro_4597&platform=iOS","https://www.bcycle.com/applink?system_id=bcycle_lametro&station_id=bcycle_lametro_4597&platform=android","Kiosk and Station","bcycle_lametro_region_1","10301 W Magnolia Blvd","Magnolia & Clybourn","bcycle_lametro_4597","",""
"","-118.37515","34.16552","https://www.bcycle.com/applink?system_id=bcycle_lametro&station_id=bcycle_lametro_4598&platform=iOS","https://www.bcycle.com/applink?system_id=bcycle_lametro&station_id=bcycle_lametro_4598&platform=android","Kiosk and Station","bcycle_lametro_region_1","5223 Lankershim Blvd","North Hollywood Plaza","bcycle_lametro_4598","",""
"","-118.36187","34.16875","https://www.bcycle.com/applink?system_id=bcycle_lametro&station_id=bcycle_lametro_4599&platform=iOS","https://www.bcycle.com/applink?system_id=bcycle_lametro&station_id=bcycle_lametro_4599&platform=android","Kiosk and Station","bcycle_lametro_region_1","10605 Chandler Blvd","Chandler & Cahuenga","bcycle_lametro_4599","",""
"","-118.38231","34.17765","https://www.bcycle.com/applink?system_id=bcycle_lametro&station_id=bcycle_lametro_4600&platform=iOS","https://www.bcycle.com/applink?system_id=bcycle_lametro&station_id=bcycle_lametro_4600&platform=android","Kiosk and Station","bcycle_lametro_region_1","5906 Lankershim Blvd","Lankershim & Califa","bcycle_lametro_4600","",""
"","-118.37282","34.16171","https://www.bcycle.com/applink?system_id=bcycle_lametro&station_id=bcycle_lametro_4601&platform=iOS","https://www.bcycle.com/applink?system_id=bcycle_lametro&station_id=bcycle_lametro_4601&platform=android","Kiosk and Station","bcycle_lametro_region_1","5032 Lankershim Blvd","Lankershim & Hesby","bcycle_lametro_4601","",""
"","-118.36363","34.16495","https://www.bcycle.com/applink?system_id=bcycle_lametro&station_id=bcycle_lametro_4602&platform=iOS","https://www.bcycle.com/applink?system_id=bcycle_lametro&station_id=bcycle_lametro_4602&platform=android","Kiosk and Station","bcycle_lametro_region_1","10650 W Magnolia Blvd","Magnolia & Cartwright","bcycle_lametro_4602","",""
"","-118.36195","34.15214","https://www.bcycle.com/applink?system_id=bcycle_lametro&station_id=bcycle_lametro_4603&platform=iOS","https://www.bcycle.com/applink?system_id=bcycle_lametro&station_id=bcycle_lametro_4603&platform=android","Kiosk and Station","bcycle_lametro_region_1","10600 Riverside Dr","Riverside & Cahuenga","bcycle_lametro_4603","",""
"","-118.37081","34.15832","https://www.bcycle.com/applink?system_id=bcycle_lametro&station_id=bcycle_lametro_4604&platform=iOS","https://www.bcycle.com/applink?system_id=bcycle_lametro&station_id=bcycle_lametro_4604&platform=android","Kiosk and Station","bcycle_lametro_region_1","4825 Lanklershim Blvd","Lankershim & Vineland","bcycle_lametro_4604","",""
"","-118.35060","34.15200","https://www.bcycle.com/applink?system_id=bcycle_lametro&station_id=bcycle_lametro_4605&platform=iOS","https://www.bcycle.com/applink?system_id=bcycle_lametro&station_id=bcycle_lametro_4605&platform=android","Kiosk and Station","bcycle_lametro_region_1","4499 Mariota Ave","Mariota & Riverside","bcycle_lametro_4605","",""
"","-118.37707","34.16863","https://www.bcycle.com/applink?system_id=bcycle_lametro&station_id=bcycle_lametro_4606&platform=iOS","https://www.bcycle.com/applink?system_id=bcycle_lametro&station_id=bcycle_lametro_4606&platform=android","Kiosk and Station","bcycle_lametro_region_1","5377 Lankershim","North Hollywood Station","bcycle_lametro_4606","",""
"","-118.44535","34.06975","https://www.bcycle.com/applink?system_id=bcycle_lametro&station_id=bcycle_lametro_4613&platform=iOS","https://www.bcycle.com/applink?system_id=bcycle_lametro&station_id=bcycle_lametro_4613&platform=android","Kiosk and Station","bcycle_lametro_region_2","425 Westwood Plaza, Los Angeles, CA 90095","Gateway Plaza","bcycle_lametro_4613","",""
"","-118.43984","34.07365","https://www.bcycle.com/applink?system_id=bcycle_lametro&station_id=bcycle_lametro_4614&platform=iOS","https://www.bcycle.com/applink?system_id=bcycle_lametro&station_id=bcycle_lametro_4614&platform=android","Kiosk and Station","bcycle_lametro_region_2","1317 Portola Plaza","Perloff Hall","bcycle_lametro_4614","",""
"","-118.32514","34.10185","https://www.bcycle.com/applink?system_id=bcycle_lametro&station_id=bcycle_lametro_4627&platform=iOS","https://www.bcycle.com/applink?system_id=bcycle_lametro&station_id=bcycle_lametro_4627&platform=android","Kiosk and Station","bcycle_lametro_region_9","6203 Hollywood Blvd","Argyle & Hollywood ","bcycle_lametro_4627","",""
"","-118.28854","34.05978","https://www.bcycle.com/applink?system_id=bcycle_lametro&station_id=bcycle_lametro_4628&platform=iOS","https://www.bcycle.com/applink?system_id=bcycle_lametro&station_id=bcycle_lametro_4628&platform=android","Kiosk and Station","bcycle_lametro_region_1","2966 7th St","7th & Westmoreland","bcycle_lametro_4628","",""
"","-118.44095","33.98667","https://www.bcycle.com/applink?system_id=bcycle_lametro&station_id=bcycle_lametro_4632&platform=iOS","https://www.bcycle.com/applink?system_id=bcycle_lametro&station_id=bcycle_lametro_4632&platform=android","Kiosk and Station","bcycle_lametro_region_2","13438 Maxella Ave","Maxella & Glencoe","bcycle_lametro_4632","",""
